Departamento,Municipio,TotalAccidentes
CUNDINAMARCA,BOGOTÁ D.C. (CT),6605
VALLE,CALI (CT),3516
ANTIOQUIA,MEDELLÍN (CT),3364
BOLÍVAR,CARTAGENA (CT),1088
ATLÁNTICO,BARRANQUILLA (CT),1038
RISARALDA,PEREIRA (CT),898
META,VILLAVICENCIO (CT),838
VALLE,PALMIRA,821
TOLIMA,IBAGUÉ (CT),817
MAGDALENA,SANTA MARTA (CT),813
NORTE DE SANTANDER,CÚCUTA (CT),811
CÓRDOBA,MONTERÍA (CT),757
SANTANDER,BUCARAMANGA (CT),728
CESAR,VALLEDUPAR (CT),715
SANTANDER,BARRANCABERMEJA,599
ANTIOQUIA,BELLO,590
CUNDINAMARCA,SOACHA,552
NARIÑO,PASTO (CT),533
HUILA,NEIVA (CT),518
QUINDÍO,ARMENIA (CT),498
CALDAS,MANIZALES (CT),481
CAUCA,POPAYÁN (CT),481
VALLE,BUENAVENTURA,457
VALLE,CANDELARIA,450
CASANARE,YOPAL (CT),423
NARIÑO,SAN ANDRES DE TUMACO,422
ANTIOQUIA,TURBO,387
GUAJIRA,MAICAO,380
VALLE,GUADALAJARA DE BUGA,359
CAUCA,SANTANDER DE QUILICHAO,349
CESAR,AGUACHICA,342
VALLE,YUMBO,324
ANTIOQUIA,ITAGUI,323
RISARALDA,DOSQUEBRADAS,323
VALLE,TULUÁ,323
VALLE,JAMUNDÍ,312
GUAJIRA,RIOHACHA (CT),307
SUCRE,SINCELEJO (CT),299
ATLÁNTICO,SOLEDAD,298
TOLIMA,ESPINAL,279
HUILA,PITALITO,267
CUNDINAMARCA,FUSAGASUGÁ,266
VALLE,CARTAGO,265
CAQUETÁ,FLORENCIA (CT),261
SANTANDER,GIRÓN,242
CÓRDOBA,SAHAGÚN,239
BOYACÁ,TUNJA (CT),237
ANTIOQUIA,BARBOSA,236
QUINDÍO,CALARCA,233
ANTIOQUIA,ENVIGADO,232
SANTANDER,PIEDECUESTA,228
CÓRDOBA,CERETÉ,226
NORTE DE SANTANDER,OCAÑA,224
NARIÑO,IPIALES,217
VALLE,ZARZAL,216
MAGDALENA,ZONA BANANERA,216
VALLE,DAGUA,209
CÓRDOBA,LORICA,206
CUNDINAMARCA,FACATATIVÁ,202
CAUCA,PIENDAMÓ,201
META,GRANADA,196
ANTIOQUIA,COPACABANA,194
MAGDALENA,CIÉNAGA,191
ANTIOQUIA,RIONEGRO,191
SANTANDER,CIMITARRA,186
CESAR,SAN ALBERTO,185
ARAUCA,TAME,181
NORTE DE SANTANDER,EL ZULIA,176
CUNDINAMARCA,MOSQUERA,175
SANTANDER,FLORIDABLANCA,172
CUNDINAMARCA,FUNZA,172
VALLE,YOTOCO,171
SANTANDER,SABANA DE TORRES,171
CAUCA,PATÍA,171
BOYACÁ,PUERTO BOYACÁ,169
CESAR,AGUSTÍN CODAZZI,169
CESAR,CURUMANÍ,167
VALLE,EL CERRITO,167
ANTIOQUIA,CALDAS,164
ANTIOQUIA,APARTADÓ,163
META,PUERTO LÓPEZ,163
CESAR,BOSCONIA,161
CASANARE,AGUAZUL,160
ANTIOQUIA,GUARNE,159
ATLÁNTICO,SABANALARGA,158
BOLÍVAR,TURBACO,156
HUILA,GARZÓN,155
SAN ANDRÉS,SAN ANDRÉS (CT),151
CUNDINAMARCA,CHÍA,149
ANTIOQUIA,CHIGORODÓ,147
BOLÍVAR,MAGANGUÉ,147
CÓRDOBA,PLANETA RICA,145
ATLÁNTICO,MALAMBO,144
NORTE DE SANTANDER,LOS PATIOS,144
BOYACÁ,DUITAMA,138
BOYACÁ,SOGAMOSO,138
CUNDINAMARCA,ZIPAQUIRÁ,137
NORTE DE SANTANDER,VILLA DEL ROSARIO,136
RISARALDA,SANTA ROSA DE CABAL,136
ARAUCA,SARAVENA,135
BOLÍVAR,EL CARMEN DE BOLÍVAR,135
CAUCA,VILLA RICA,135
META,ACACÍAS,135
CUNDINAMARCA,COTA,133
MAGDALENA,SITIONUEVO,133
TOLIMA,GUAMO,132
CUNDINAMARCA,MADRID,132
CALDAS,CHINCHINÁ,129
HUILA,RIVERA,128
BOLÍVAR,ARJONA,127
HUILA,CAMPOALEGRE,127
CALDAS,LA DORADA,126
CUNDINAMARCA,CAJICÁ,123
NORTE DE SANTANDER,TIBÚ,121
ANTIOQUIA,GIRARDOTA,120
QUINDÍO,LA TEBAIDA,118
CUNDINAMARCA,VILLA DE SAN DIEGO DE UBATE,118
CESAR,CHIRIGUANÁ,118
CUNDINAMARCA,GIRARDOT,117
CUNDINAMARCA,PUERTO SALGAR,116
ANTIOQUIA,SANTA ROSA DE OSOS,116
CUNDINAMARCA,CHOCONTÁ,114
GUAJIRA,DIBULLA,113
TOLIMA,CAJAMARCA,113
SANTANDER,LEBRIJA,113
HUILA,PALERMO,112
TOLIMA,ALVARADO,112
CUNDINAMARCA,GRANADA,111
ARAUCA,ARAUCA (CT),111
VALLE,PRADERA,111
CESAR,EL PASO,110
ANTIOQUIA,NECOCLÍ,109
ANTIOQUIA,CAUCASIA,108
CAUCA,TIMBÍO,107
ARAUCA,ARAUQUITA,107
CHOCÓ,QUIBDÓ (CT),107
TOLIMA,NATAGAIMA,106
CESAR,EL COPEY,105
CÓRDOBA,CIÉNAGA DE ORO,104
VALLE,GUACARÍ,104
CUNDINAMARCA,VILLETA,104
CESAR,LA JAGUA DE IBIRICO,104
TOLIMA,COYAIMA,104
TOLIMA,MELGAR,103
CUNDINAMARCA,GUADUAS,103
CESAR,PELAYA,103
VALLE,BUGALAGRANDE,102
CAUCA,CAJIBÍO,102
CUNDINAMARCA,TOCANCIPÁ,102
ANTIOQUIA,MUTATÁ,101
MAGDALENA,FUNDACIÓN,101
HUILA,AIPE,101
VALLE,SAN PEDRO,100
TOLIMA,MARIQUITA,99
CÓRDOBA,TIERRALTA,98
VALLE,FLORIDA,98
CÓRDOBA,CHINÚ,98
CAUCA,PUERTO TEJADA,97
ANTIOQUIA,SABANETA,96
GUAJIRA,MANAURE,96
BOLÍVAR,MARÍA LA BAJA,96
CESAR,SAN MARTÍN,95
HUILA,GIGANTE,94
ANTIOQUIA,LA ESTRELLA,94
SUCRE,SAN ONOFRE,94
BOYACÁ,VENTAQUEMADA,93
PUTUMAYO,MOCOA (CT),92
TOLIMA,CHAPARRAL,92
ANTIOQUIA,CÁCERES,91
ATLÁNTICO,BARANOA,91
GUAJIRA,ALBANIA,91
HUILA,SUAZA,90
CUNDINAMARCA,CAQUEZA,89
MAGDALENA,PUEBLOVIEJO,89
CUNDINAMARCA,LA VEGA,89
RISARALDA,LA VIRGINIA,88
CASANARE,VILLANUEVA,88
SUCRE,SAN MARCOS,87
CESAR,SAN DIEGO,87
ANTIOQUIA,VALDIVIA,86
NARIÑO,TÚQUERRES,86
ANTIOQUIA,CAREPA,86
BOLÍVAR,SANTA ROSA,85
CASANARE,PAZ DE ARIPORO,85
HUILA,LA PLATA,83
SANTANDER,SAN GIL,83
ANTIOQUIA,PUERTO BERRÍO,83
NORTE DE SANTANDER,ABREGO,82
PUTUMAYO,PUERTO ASÍS,82
ANTIOQUIA,DABEIBA,82
ANTIOQUIA,SAN LUIS,82
CÓRDOBA,SAN PELAYO,82
BOLÍVAR,SAN JUAN NEPOMUCENO,82
SANTANDER,BARBOSA,82
ANTIOQUIA,PUERTO TRIUNFO,82
SANTANDER,RIONEGRO,81
CESAR,PAILITAS,81
CUNDINAMARCA,SILVANIA,81
ANTIOQUIA,YARUMAL,80
TOLIMA,COELLO,80
CÓRDOBA,MONTELÍBANO,79
CESAR,LA GLORIA,79
CÓRDOBA,LOS CÓRDOBAS,79
CALDAS,SUPÍA,77
VALLE,ANSERMANUEVO,76
VALLE,ROLDANILLO,76
CAUCA,CALDONO,76
GUAJIRA,SAN JUAN DEL CESAR,75
VALLE,ANDALUCÍA,75
ANTIOQUIA,LA CEJA,74
CASANARE,MONTERREY,74
BOYACÁ,NOBSA,74
CASANARE,TAURAMENA,74
CUNDINAMARCA,GUAYABETAL,74
CÓRDOBA,LA APARTADA,74
CUNDINAMARCA,SIBATÉ,73
BOLÍVAR,SANTA CATALINA,72
CAUCA,ROSAS,72
NARIÑO,CHACHAGÜÍ,71
VALLE,LA UNIÓN,71
ANTIOQUIA,SANTA BÁRBARA,71
CÓRDOBA,BUENAVISTA,70
GUAJIRA,URIBIA,70
CESAR,LA PAZ,70
ANTIOQUIA,TARAZÁ,69
CAUCA,CALOTO,69
CUNDINAMARCA,LA MESA,68
ATLÁNTICO,PUERTO COLOMBIA,68
TOLIMA,SALDAÑA,68
CESAR,BECERRIL,68
CUNDINAMARCA,SESQUILÉ,67
MAGDALENA,ARACATACA,67
ARAUCA,FORTUL,66
BOYACÁ,TIBASOSA,66
SANTANDER,SOCORRO,66
MAGDALENA,EL BANCO,66
ATLÁNTICO,GALAPA,65
ANTIOQUIA,MARINILLA,64
META,PUERTO GAITÁN,64
META,FUENTE DE ORO,64
META,CUMARAL,63
TOLIMA,HONDA,63
CALDAS,RIOSUCIO,63
CÓRDOBA,SAN ANTERO,63
NORTE DE SANTANDER,LA ESPERANZA,62
GUAJIRA,BARRANCAS,62
ATLÁNTICO,JUAN DE ACOSTA,61
ANTIOQUIA,SANTAFÉ DE ANTIOQUIA,61
SUCRE,COROZAL,61
SUCRE,SAMPUÉS,61
ANTIOQUIA,EL SANTUARIO,61
CUNDINAMARCA,SOPÓ,60
VALLE,CAICEDONIA,60
GUAJIRA,FONSECA,60
META,SAN MARTÍN,60
NARIÑO,TANGUA,59
BOLÍVAR,MOMPÓS,59
CUNDINAMARCA,VILLAPINZÓN,59
CAUCA,MERCADERES,59
NORTE DE SANTANDER,PUERTO SANTANDER,59
SANTANDER,TONA,58
CALDAS,ANSERMA,58
SUCRE,TOLÚ VIEJO,58
CUNDINAMARCA,COGUA,58
CUNDINAMARCA,CHIPAQUE,58
MAGDALENA,PLATO,58
ATLÁNTICO,LURUACO,57
CALDAS,NEIRA,57
CUNDINAMARCA,RICAURTE,57
ANTIOQUIA,EL CARMEN DE VIBORAL,56
ANTIOQUIA,LA PINTADA,56
CAQUETÁ,SAN VICENTE DEL CAGUÁN,56
NORTE DE SANTANDER,SARDINATA,55
BOYACÁ,PAIPA,55
BOYACÁ,MONIQUIRÁ,55
ANTIOQUIA,COCORNÁ,55
CUNDINAMARCA,TENJO,54
ATLÁNTICO,PONEDERA,54
QUINDÍO,CIRCASIA,54
VALLE,RIOFRÍO,53
BOYACÁ,CHIQUINQUIRÁ,53
PUTUMAYO,VALLE DEL GUAMUEZ,53
BOYACÁ,SANTANA,53
CAUCA,TOTORÓ,53
CASANARE,PORE,53
CUNDINAMARCA,GACHANCIPÁ,53
SUCRE,COVEÑAS,53
SANTANDER,PUERTO WILCHES,52
NARIÑO,TAMINANGO,52
CESAR,RÍO DE ORO,52
BOLÍVAR,SAN PABLO,52
TOLIMA,VENADILLO,52
BOLÍVAR,MAHATES,52
META,GUAMAL,52
TOLIMA,FRESNO,52
ANTIOQUIA,SAN JERÓNIMO,52
CUNDINAMARCA,LA CALERA,52
VALLE,SEVILLA,51
CASANARE,HATO COROZAL,51
META,RESTREPO,51
QUINDÍO,MONTENEGRO,51
CAUCA,CORINTO,51
CUNDINAMARCA,SUTATAUSA,50
VALLE,GINEBRA,50
HUILA,ALTAMIRA,50
CUNDINAMARCA,TOCAIMA,50
MAGDALENA,ALGARROBO,50
TOLIMA,LÉRIDA,49
TOLIMA,ORTEGA,49
TOLIMA,ARMERO,49
HUILA,SAN AGUSTÍN,49
CAUCA,MIRANDA,48
VALLE,CALIMA,48
CUNDINAMARCA,EL COLEGIO,48
META,PUERTO LLERAS,48
TOLIMA,PURIFICACIÓN,48
QUINDÍO,QUIMBAYA,47
SANTANDER,EL PLAYÓN,47
CASANARE,MANÍ,47
SANTANDER,PUERTO PARRA,47
ANTIOQUIA,ARBOLETES,47
GUAVIARE,SAN JOSÉ DEL GUAVIARE (CT),47
CAUCA,EL TAMBO,47
HUILA,TESALIA,46
BOYACÁ,SAMACÁ,45
CÓRDOBA,SAN BERNARDO DEL VIENTO,45
PUTUMAYO,ORITO,45
HUILA,TIMANÁ,45
BOLÍVAR,SANTA ROSA DEL SUR,45
NARIÑO,MALLAMA,44
SANTANDER,OIBA,43
CUNDINAMARCA,SAN JUAN DE RÍO SECO,43
VALLE,OBANDO,43
CUNDINAMARCA,NILO,43
PUTUMAYO,VILLAGARZÓN,43
HUILA,HOBO,43
BOYACÁ,CÓMBITA,43
ATLÁNTICO,TUBARÁ,42
ANTIOQUIA,RETIRO,42
HUILA,ISNOS,42
TOLIMA,HERVEO,42
CALDAS,VILLAMARÍA,41
CUNDINAMARCA,SIMIJACA,41
META,BARRANCA DE UPÍA,40
RISARALDA,BELÉN DE UMBRÍA,40
MAGDALENA,ARIGUANÍ,40
BOLÍVAR,TURBANÁ,40
CASANARE,NUNCHÍA,39
ATLÁNTICO,PALMAR DE VARELA,39
ANTIOQUIA,YONDÓ,39
GUAJIRA,HATONUEVO,39
ANTIOQUIA,REMEDIOS,39
CÓRDOBA,PUEBLO NUEVO,38
NORTE DE SANTANDER,CHINÁCOTA,38
CÓRDOBA,PUERTO LIBERTADOR,38
CAQUETÁ,EL PAUJIL,38
NARIÑO,LA UNIÓN,38
CESAR,CHIMICHAGUA,38
CÓRDOBA,COTORRA,38
ATLÁNTICO,CAMPO DE LA CRUZ,37
VALLE,VIJES,37
TOLIMA,LÍBANO,37
NORTE DE SANTANDER,PAMPLONA,37
BOYACÁ,ARCABUCO,37
ATLÁNTICO,REPELÓN,36
VALLE,LA VICTORIA,36
NARIÑO,GUACHUCAL,36
SUCRE,MAJAGUAL,36
CAQUETÁ,EL DONCELLO,36
BOYACÁ,AQUITANIA,36
META,CASTILLA LA NUEVA,36
CUNDINAMARCA,PARATEBUENO,36
ANTIOQUIA,SANTO DOMINGO,36
NARIÑO,IMUÉS,36
ANTIOQUIA,ANDES,35
VALLE,RESTREPO,35
CAUCA,BUENOS AIRES,35
TOLIMA,FLANDES,35
TOLIMA,SAN LUIS,35
CUNDINAMARCA,NEMOCÓN,35
VALLE,TORO,35
CAUCA,PURACÉ,35
CUNDINAMARCA,BOJACÁ,35
ANTIOQUIA,SAN PEDRO,34
ANTIOQUIA,SALGAR,34
SUCRE,LOS PALMITOS,34
CAQUETÁ,SAN JOSÉ DEL FRAGUA,34
META,SAN JUAN DE ARAMA,34
ANTIOQUIA,CIUDAD BOLÍVAR,34
SANTANDER,SUAITA,34
BOLÍVAR,SAN JACINTO,34
CUNDINAMARCA,FÚQUENE,34
CUNDINAMARCA,GUASCA,33
VALLE,ALCALÁ,33
SANTANDER,ARATOCA,33
ANTIOQUIA,MACEO,33
SUCRE,SANTIAGO DE TOLÚ,33
NARIÑO,RICAURTE,33
ANTIOQUIA,YOLOMBÓ,33
CALDAS,VITERBO,32
PUTUMAYO,PUERTO CAICEDO,32
BOYACÁ,SOTAQUIRÁ,32
SANTANDER,SAN VICENTE DE CHUCURÍ,32
ANTIOQUIA,AMAGÁ,32
BOLÍVAR,SIMITÍ,32
SANTANDER,CURITÍ,32
ATLÁNTICO,SABANAGRANDE,32
ATLÁNTICO,SANTO TOMÁS,32
CALDAS,PALESTINA,31
CUNDINAMARCA,SUSA,31
CÓRDOBA,MOMIL,31
CAUCA,BOLÍVAR,31
MAGDALENA,SANTA ANA,31
CAUCA,GUACHENÉ,31
HUILA,ACEVEDO,31
META,SAN CARLOS DE GUAROA,31
CALDAS,AGUADAS,30
TOLIMA,SUÁREZ,30
META,PUERTO RICO,30
SUCRE,SAN PEDRO,30
META,PUERTO CONCORDIA,30
CÓRDOBA,AYAPEL,30
CAUCA,SUÁREZ,30
ANTIOQUIA,SOPETRÁN,30
CAUCA,SILVIA,29
BOLÍVAR,CALAMAR,29
CAUCA,PAEZ,29
ANTIOQUIA,PEÑOL,29
NARIÑO,BUESACO,29
TOLIMA,ROVIRA,29
ANTIOQUIA,URRAO,29
SUCRE,OVEJAS,29
NARIÑO,ILES,28
SUCRE,MORROA,28
SANTANDER,PUENTE NACIONAL,28
RISARALDA,BALBOA,28
VICHADA,PUERTO CARREÑO (CT),28
NARIÑO,CUMBAL,28
RISARALDA,QUINCHÍA,28
GUAJIRA,URUMITA,28
CUNDINAMARCA,EL ROSAL,28
CUNDINAMARCA,TENA,27
MAGDALENA,NUEVA GRANADA,27
ANTIOQUIA,CONCORDIA,27
CUNDINAMARCA,SAN ANTONIO DEL TEQUENDAMA,27
SANTANDER,LOS SANTOS,27
CUNDINAMARCA,SASAIMA,27
META,LEJANÍAS,26
ANTIOQUIA,DON MATÍAS,26
CAQUETÁ,LA MONTAÑITA,26
CUNDINAMARCA,PACHO,26
HUILA,ALGECIRAS,26
BOLÍVAR,CLEMENCIA,26
NARIÑO,SAPUYES,26
NORTE DE SANTANDER,CACHIRÁ,26
CUNDINAMARCA,SAN FRANCISCO,26
BOYACÁ,PAJARITO,26
QUINDÍO,SALENTO,25
RISARALDA,APÍA,25
HUILA,GUADALUPE,25
PUTUMAYO,SAN MIGUEL,25
NORTE DE SANTANDER,TOLEDO,25
CALDAS,MARMATO,25
RISARALDA,PUEBLO RICO,25
BOYACÁ,SÁCHICA,25
CUNDINAMARCA,VIOTÁ,25
CUNDINAMARCA,ANAPOIMA,25
BOYACÁ,SABOYÁ,25
CAQUETÁ,PUERTO RICO,24
NORTE DE SANTANDER,EL TARRA,24
CUNDINAMARCA,APULO,24
NORTE DE SANTANDER,CONVENCIÓN,24
CESAR,TAMALAMEQUE,24
CUNDINAMARCA,ALBÁN,24
SANTANDER,PINCHOTE,24
VALLE,BOLÍVAR,24
CÓRDOBA,MOÑITOS,24
CALDAS,BELALCÁZAR,23
ANTIOQUIA,SEGOVIA,23
NORTE DE SANTANDER,BUCARASICA,23
CAUCA,INZÁ,23
ATLÁNTICO,PIOJÓ,23
NORTE DE SANTANDER,PAMPLONITA,23
CAUCA,TORIBIO,23
BOYACÁ,SANTA ROSA DE VITERBO,23
ANTIOQUIA,VEGACHÍ,23
CÓRDOBA,PURÍSIMA,23
SUCRE,SAN BENITO ABAD,23
CESAR,ASTREA,22
RISARALDA,MARSELLA,22
BOYACÁ,TUTA,22
PUTUMAYO,SIBUNDOY,22
SANTANDER,VÉLEZ,22
NARIÑO,SAMANIEGO,22
ANTIOQUIA,SAN JUAN DE URABÁ,22
BOYACÁ,VILLA DE LEYVA,22
CAQUETÁ,BELÉN DE LOS ANDAQUIES,22
NARIÑO,SANDONÁ,22
TOLIMA,ATACO,22
NORTE DE SANTANDER,MUTISCUA,22
RISARALDA,SANTUARIO,21
MAGDALENA,PIVIJAY,21
CUNDINAMARCA,LENGUAZAQUE,21
ATLÁNTICO,MANATÍ,21
SANTANDER,BETULIA,21
CUNDINAMARCA,TABIO,21
HUILA,PITAL,21
CASANARE,TRINIDAD,21
CASANARE,SABANALARGA,21
NARIÑO,GUAITARILLA,20
ANTIOQUIA,SAN VICENTE,20
CÓRDOBA,SAN CARLOS,20
TOLIMA,PLANADAS,20
TOLIMA,CARMEN DE APICALÁ,20
ANTIOQUIA,SAN ROQUE,20
BOYACÁ,BELÉN,20
CÓRDOBA,VALENCIA,20
ATLÁNTICO,SUAN,20
GUAJIRA,DISTRACCIÓN,20
META,VISTAHERMOSA,20
CUNDINAMARCA,TAUSA,20
CHOCÓ,TADÓ,20
ANTIOQUIA,ABEJORRAL,19
ANTIOQUIA,CAÑASGORDAS,19
SANTANDER,CHARALÁ,19
ANTIOQUIA,AMALFI,19
HUILA,TELLO,19
CAUCA,MORALES,19
VALLE,EL DOVIO,19
MAGDALENA,EL RETÉN,19
CASANARE,SAN LUIS DE PALENQUE,19
CALDAS,LA MERCED,19
NARIÑO,ALDANA,19
CHOCÓ,ATRATO,18
CHOCÓ,RIOSUCIO,18
CUNDINAMARCA,CHOACHÍ,18
VALLE,TRUJILLO,18
ANTIOQUIA,CISNEROS,18
SANTANDER,MOGOTES,18
GUAJIRA,LA JAGUA DEL PILAR,18
CALDAS,MANZANARES,18
AMAZONAS,LETICIA (CT),18
CALDAS,SALAMINA,17
GUAJIRA,VILLANUEVA,17
NARIÑO,CONTADERO,17
ANTIOQUIA,SABANALARGA,17
ANTIOQUIA,TITIRIBÍ,17
CALDAS,RISARALDA,17
CUNDINAMARCA,GUACHETÁ,17
VICHADA,LA PRIMAVERA,17
CUNDINAMARCA,GUATAVITA,17
CAUCA,BALBOA,17
CAQUETÁ,ALBANIA,17
HUILA,LA ARGENTINA,17
CUNDINAMARCA,SUESCA,17
BOYACÁ,CHITARAQUE,17
NARIÑO,SAN PABLO,16
HUILA,AGRADO,16
SAN ANDRÉS,PROVIDENCIA,16
CUNDINAMARCA,MEDINA,16
NORTE DE SANTANDER,CHITAGÁ,16
ANTIOQUIA,SONSON,16
NORTE DE SANTANDER,SAN CAYETANO,16
CESAR,MANAURE,16
SANTANDER,MÁLAGA,16
CALDAS,MARQUETALIA,16
VALLE,LA CUMBRE,16
ANTIOQUIA,CARAMANTA,16
ATLÁNTICO,POLONUEVO,16
ANTIOQUIA,EL BAGRE,16
CHOCÓ,UNIÓN PANAMERICANA,16
BOYACÁ,TÓPAGA,16
BOYACÁ,SAN MATEO,16
ANTIOQUIA,VALPARAÍSO,15
ANTIOQUIA,YALÍ,15
SANTANDER,SAN ANDRÉS,15
CESAR,GAMARRA,15
BOLÍVAR,VILLANUEVA,15
CAQUETÁ,CARTAGENA DEL CHAIRÁ,15
NARIÑO,SANTACRUZ,15
NARIÑO,BARBACOAS,15
CAQUETÁ,MORELIA,15
CAUCA,JAMBALÓ,15
BOYACÁ,CUCAITA,15
NORTE DE SANTANDER,SILOS,15
HUILA,TARQUI,14
BOYACÁ,MOTAVITA,14
NARIÑO,PUPIALES,14
BOYACÁ,SUSACÓN,14
BOYACÁ,FIRAVITOBA,14
HUILA,YAGUARÁ,14
CUNDINAMARCA,LA PALMA,14
ANTIOQUIA,ITUANGO,14
GUAVIARE,EL RETORNO,14
BOYACÁ,TOCA,14
CALDAS,ARANZAZU,14
CUNDINAMARCA,QUETAME,14
BOYACÁ,GUATEQUE,14
NARIÑO,CONSACA,14
HUILA,PAICOL,14
ATLÁNTICO,CANDELARIA,14
SUCRE,SAN LUIS DE SINCÉ,14
TOLIMA,PIEDRAS,14
CAUCA,ARGELIA,13
BOYACÁ,SORACÁ,13
BOYACÁ,SAN LUIS DE GACENO,13
TOLIMA,ANZOÁTEGUI,13
CUNDINAMARCA,ARBELÁEZ,13
TOLIMA,RIOBLANCO,13
CASANARE,OROCUÉ,13
ANTIOQUIA,LA UNIÓN,13
QUINDÍO,CÓRDOBA,13
CHOCÓ,ISTMINA,13
MAGDALENA,GUAMAL,13
CALDAS,VICTORIA,13
SANTANDER,SURATÁ,13
QUINDÍO,FILANDIA,12
PUTUMAYO,SANTIAGO,12
VICHADA,CUMARIBO,12
ANTIOQUIA,ZARAGOZA,12
CUNDINAMARCA,CAPARRAPÍ,12
QUINDÍO,GÉNOVA,12
TOLIMA,PRADO,12
NORTE DE SANTANDER,TEORAMA,12
ANTIOQUIA,GIRALDO,12
CUNDINAMARCA,CACHIPAY,12
ANTIOQUIA,LIBORINA,12
RISARALDA,MISTRATÓ,12
CHOCÓ,CÉRTEGUI,12
ANTIOQUIA,JERICÓ,12
CHOCÓ,EL CARMEN DE ATRATO,12
ANTIOQUIA,FREDONIA,12
HUILA,BARAYA,12
TOLIMA,SAN ANTONIO,12
CAUCA,SANTA ROSA,12
NORTE DE SANTANDER,CÁCOTA,12
BOYACÁ,OICATÁ,12
CAUCA,LA SIERRA,11
NARIÑO,YACUANQUER,11
CUNDINAMARCA,SUBACHOQUE,11
SANTANDER,SIMACOTA,11
ANTIOQUIA,GÓMEZ PLATA,11
NORTE DE SANTANDER,LA PLAYA,11
ANTIOQUIA,URAMITA,11
QUINDÍO,PIJAO,11
ANTIOQUIA,PUERTO NARE,11
GUAINÍA,INÍRIDA (CT),11
BOLÍVAR,ZAMBRANO,11
ANTIOQUIA,ENTRERRIOS,11
ANTIOQUIA,VENECIA,11
ANTIOQUIA,BETULIA,11
BOYACÁ,CUÍTIVA,11
CAUCA,FLORENCIA,11
HUILA,PALESTINA,11
META,CUBARRAL,11
ANTIOQUIA,BURITICÁ,11
CAUCA,PADILLA,11
SUCRE,SAN JUAN DE BETULIA,11
BOYACÁ,GARAGOA,11
ANTIOQUIA,BETANIA,11
CUNDINAMARCA,GUATAQUÍ,11
VALLE,ARGELIA,11
GUAJIRA,EL MOLINO,11
CASANARE,TÁMARA,11
BOYACÁ,GAMEZA,10
CÓRDOBA,CHIMÁ,10
BOYACÁ,SUTAMARCHÁN,10
ANTIOQUIA,ANZA,10
HUILA,TERUEL,10
CALDAS,SAMANÁ,10
SANTANDER,CAPITANEJO,10
TOLIMA,ICONONZO,10
CÓRDOBA,CANALETE,10
SANTANDER,GÜEPSA,10
QUINDÍO,BUENAVISTA,10
CESAR,PUEBLO BELLO,10
BOLÍVAR,SAN ESTANISLAO,10
BOYACÁ,TOTA,10
BOYACÁ,SOCHA,10
SANTANDER,LANDÁZURI,10
CÓRDOBA,SAN ANDRÉS SOTAVENTO,10
BOYACÁ,SANTA MARÍA,10
BOYACÁ,SOATÁ,10
BOYACÁ,SAN JOSÉ DE PARE,10
BOYACÁ,RAMIRIQUÍ,10
BOYACÁ,SOCOTÁ,10
ANTIOQUIA,TARSO,9
SANTANDER,ZAPATOCA,9
BOYACÁ,TUTAZÁ,9
TOLIMA,DOLORES,9
ANTIOQUIA,BELMIRA,9
BOYACÁ,SIACHOQUE,9
ATLÁNTICO,USIACURÍ,9
CUNDINAMARCA,SAN BERNARDO,9
TOLIMA,AMBALEMA,9
CUNDINAMARCA,ANOLAIMA,9
HUILA,VILLAVIEJA,9
CALDAS,PENSILVANIA,9
CAUCA,LA VEGA,9
BOLÍVAR,CICUCO,9
BOYACÁ,IZA,9
NARIÑO,CÓRDOBA,9
ARAUCA,PUERTO RONDÓN,9
BOYACÁ,SAN PABLO DE BORBUR,9
CÓRDOBA,PUERTO ESCONDIDO,9
HUILA,COLOMBIA,9
SANTANDER,EL CARMEN DE CHUCURÍ,9
NARIÑO,COLÓN,9
PUTUMAYO,COLÓN,9
META,EL CASTILLO,9
CUNDINAMARCA,JUNÍN,9
BOYACÁ,CHITA,9
SANTANDER,COROMORO,9
NORTE DE SANTANDER,SAN CALIXTO,9
BOYACÁ,TASCO,9
NARIÑO,EL ROSARIO,8
SANTANDER,GAMBITA,8
BOLÍVAR,TALAIGUA NUEVO,8
CALDAS,PÁCORA,8
ANTIOQUIA,HISPANIA,8
TOLIMA,VALLE DE SAN JUAN,8
NORTE DE SANTANDER,BOCHALEMA,8
BOYACÁ,OTANCHE,8
CUNDINAMARCA,CUCUNUBÁ,8
NARIÑO,PUERRES,8
CUNDINAMARCA,YACOPÍ,8
BOYACÁ,SORA,8
CÓRDOBA,TUCHÍN,8
NARIÑO,POLICARPA,8
MAGDALENA,SALAMINA,8
CAUCA,SOTARA,8
ANTIOQUIA,ANORÍ,8
NARIÑO,LA CRUZ,8
META,MESETAS,8
ANTIOQUIA,SAN ANDRÉS DE CUERQUÍA,8
NORTE DE SANTANDER,SALAZAR,8
NARIÑO,EL TAMBO,8
BOYACÁ,TIPACOQUE,8
NARIÑO,EL TABLÓN DE GÓMEZ,8
SUCRE,CAIMITO,8
MAGDALENA,SAN SEBASTIÁN DE BUENAVISTA,8
SANTANDER,ONZAGA,8
BOYACÁ,CERINZA,8
PUTUMAYO,SAN FRANCISCO,8
SANTANDER,VETAS,8
NARIÑO,LOS ANDES,8
BOYACÁ,CUBARÁ,8
PUTUMAYO,PUERTO LEGUÍZAMO,8
SANTANDER,PÁRAMO,7
ANTIOQUIA,JARDÍN,7
NARIÑO,ARBOLEDA,7
CUNDINAMARCA,NOCAIMA,7
CAQUETÁ,CURILLO,7
TOLIMA,PALOCABILDO,7
BOYACÁ,CORRALES,7
BOYACÁ,GÜICÁN,7
SUCRE,GUARANDA,7
BOYACÁ,ZETAQUIRA,7
BOLÍVAR,SAN MARTÍN DE LOBA,7
HUILA,IQUIRA,7
CÓRDOBA,SAN JOSÉ DE URÉ,7
META,CABUYARO,7
HUILA,SANTA MARÍA,7
ANTIOQUIA,SAN PEDRO DE URABÁ,7
CALDAS,SAN JOSÉ,7
TOLIMA,FALAN,7
NARIÑO,SAN PEDRO DE CARTAGO,7
TOLIMA,SANTA ISABEL,7
CUNDINAMARCA,NARIÑO,7
BOYACÁ,TIBANÁ,7
BOYACÁ,LABRANZAGRANDE,7
BOYACÁ,CALDAS,7
BOYACÁ,SANTA SOFÍA,7
BOYACÁ,SUTATENZA,7
BOYACÁ,PESCA,7
NARIÑO,NARIÑO,6
CUNDINAMARCA,UNE,6
SANTANDER,ENCISO,6
META,EL DORADO,6
SANTANDER,GUACA,6
BOYACÁ,CHIVATÁ,6
NORTE DE SANTANDER,HACARÍ,6
CUNDINAMARCA,MACHETA,6
SUCRE,COLOSO,6
HUILA,ELÍAS,6
HUILA,SALADOBLANCO,6
ANTIOQUIA,SAN CARLOS,6
SANTANDER,CONFINES,6
NARIÑO,LINARES,6
NARIÑO,POTOSÍ,6
CHOCÓ,CONDOTO,6
SANTANDER,BOLÍVAR,6
BOYACÁ,BUENAVISTA,6
NORTE DE SANTANDER,EL CARMEN,6
SANTANDER,CONCEPCIÓN,6
ANTIOQUIA,FRONTINO,6
RISARALDA,GUÁTICA,6
BOYACÁ,MUZO,6
META,URIBE,6
SANTANDER,VALLE DE SAN JOSÉ,6
SANTANDER,SAN JOSÉ DE MIRANDA,6
BOYACÁ,TINJACÁ,6
ANTIOQUIA,BRICEÑO,6
BOYACÁ,JERICÓ,6
BOYACÁ,MONGUA,6
BOLÍVAR,MONTECRISTO,6
BOYACÁ,MARIPÍ,6
BOYACÁ,QUÍPAMA,6
SANTANDER,SUCRE,6
CUNDINAMARCA,PAIME,6
BOLÍVAR,ACHÍ,6
SANTANDER,CERRITO,6
SUCRE,LA UNIÓN,5
BOYACÁ,BOYACÁ,5
NARIÑO,CUASPUD,5
CUNDINAMARCA,PASCA,5
ANTIOQUIA,GUATAPÉ,5
VALLE,EL ÁGUILA,5
NARIÑO,ALBÁN,5
NARIÑO,LA FLORIDA,5
BOLÍVAR,ARENAL,5
CUNDINAMARCA,GUTIÉRREZ,5
SUCRE,GALERAS,5
BOYACÁ,RÁQUIRA,5
BOYACÁ,EL ESPINO,5
SANTANDER,BARICHARA,5
ARAUCA,CRAVO NORTE,5
TOLIMA,VILLAHERMOSA,5
META,LA MACARENA,5
ANTIOQUIA,CAMPAMENTO,5
NARIÑO,GUALMATÁN,5
CALDAS,FILADELFIA,5
NORTE DE SANTANDER,VILLA CARO,5
ANTIOQUIA,ANGELÓPOLIS,5
BOYACÁ,MACANAL,5
BOYACÁ,TENZA,5
ANTIOQUIA,SAN FRANCISCO,5
NORTE DE SANTANDER,GRAMALOTE,5
CUNDINAMARCA,BELTRÁN,5
BOLÍVAR,CANTAGALLO,5
BOYACÁ,SATIVANORTE,5
BOYACÁ,VIRACACHÁ,5
BOYACÁ,JENESANO,5
ANTIOQUIA,PEQUE,5
CUNDINAMARCA,GUAYABAL DE SIQUIMA,5
CAUCA,SAN SEBASTIÁN,5
BOLÍVAR,PINILLOS,5
BOYACÁ,FLORESTA,5
SANTANDER,PALMAS DEL SOCORRO,5
BOYACÁ,PAUNA,5
BOLÍVAR,SAN FERNANDO,5
BOYACÁ,CHÍQUIZA,4
NARIÑO,LEIVA,4
TOLIMA,CUNDAY,4
VALLE,VERSALLES,4
SANTANDER,MOLAGAVITA,4
BOLÍVAR,HATILLO DE LOBA,4
SANTANDER,VILLANUEVA,4
ANTIOQUIA,TÁMESIS,4
BOLÍVAR,TIQUISIO,4
BOYACÁ,SAN MIGUEL DE SEMA,4
SANTANDER,MATANZA,4
BOLÍVAR,CÓRDOBA,4
CUNDINAMARCA,GACHETÁ,4
SUCRE,PALMITO,4
ANTIOQUIA,CAICEDO,4
SANTANDER,EL PEÑÓN,4
BOYACÁ,CHINAVITA,4
SUCRE,EL ROBLE,4
ATLÁNTICO,SANTA LUCÍA,4
ANTIOQUIA,SAN RAFAEL,4
ANTIOQUIA,EBÉJICO,4
MAGDALENA,CHIBOLO,4
CALDAS,NORCASIA,4
CHOCÓ,SAN JOSÉ DEL PALMAR,4
MAGDALENA,SABANAS DE SAN ANGEL,4
CAQUETÁ,VALPARAÍSO,4
BOLÍVAR,MORALES,4
VALLE,EL CAIRO,4
SANTANDER,CEPITÁ,4
MAGDALENA,REMOLINO,4
BOYACÁ,GUAYATÁ,4
BOLÍVAR,BARRANCO DE LOBA,4
BOYACÁ,TURMEQUÉ,4
BOYACÁ,BOAVITA,4
CAUCA,ALMAGUER,4
NORTE DE SANTANDER,ARBOLEDAS,4
MAGDALENA,ZAPAYÁN,4
CUNDINAMARCA,FOSCA,4
CUNDINAMARCA,VIANÍ,4
BOLÍVAR,RÍO VIEJO,3
CUNDINAMARCA,ZIPACÓN,3
HUILA,OPORAPA,3
NARIÑO,FUNES,3
CUNDINAMARCA,AGUA DE DIOS,3
ANTIOQUIA,CAROLINA,3
SUCRE,BUENAVISTA,3
NARIÑO,BELÉN,3
ANTIOQUIA,PUEBLORRICO,3
BOLÍVAR,NOROSÍ,3
CUNDINAMARCA,QUIPILE,3
CUNDINAMARCA,NIMAIMA,3
BOLÍVAR,ARROYOHONDO,3
ANTIOQUIA,TOLEDO,3
CUNDINAMARCA,CHAGUANÍ,3
SANTANDER,JESÚS MARÍA,3
BOYACÁ,PÁEZ,3
CUNDINAMARCA,UBALÁ,3
CUNDINAMARCA,TIBIRITA,3
RISARALDA,LA CELIA,3
NARIÑO,SAN LORENZO,3
MAGDALENA,PIJIÑO DEL CARMEN,3
ANTIOQUIA,ANGOSTURA,3
ANTIOQUIA,GUADALUPE,3
BOYACÁ,UMBITA,3
ANTIOQUIA,NECHÍ,3
CAQUETÁ,SOLITA,3
MAGDALENA,TENERIFE,3
SUCRE,CHALÁN,3
BOYACÁ,LA UVITA,3
PUTUMAYO,PUERTO GUZMÁN,3
HUILA,NÁTAGA,3
BOYACÁ,CIÉNEGA,3
CUNDINAMARCA,EL PEÑÓN,3
CUNDINAMARCA,FOMEQUE,3
SANTANDER,ALBANIA,3
SANTANDER,MACARAVITA,3
SANTANDER,CHARTA,3
CAUCA,SUCRE,3
VICHADA,SANTA ROSALÍA,3
CUNDINAMARCA,BITUIMA,3
NARIÑO,OSPINA,3
ANTIOQUIA,SAN JOSÉ DE LA MONTAÑA,3
SANTANDER,FLORIÁN,3
BOYACÁ,ALMEIDA,3
CUNDINAMARCA,CARMEN DE CARUPA,3
VAUPÉS,MITÚ (CT),3
NARIÑO,EL CHARCO,3
CUNDINAMARCA,TIBACUY,3
BOLÍVAR,EL GUAMO,2
TOLIMA,CASABIANCA,2
TOLIMA,ALPUJARRA,2
SANTANDER,GUADALUPE,2
BOLÍVAR,SOPLAVIENTO,2
NARIÑO,PROVIDENCIA,2
CUNDINAMARCA,SAN CAYETANO,2
BOYACÁ,MONGUÍ,2
NORTE DE SANTANDER,LABATECA,2
CHOCÓ,ACANDÍ,2
SANTANDER,CHIPATÁ,2
BOYACÁ,GACHANTIVÁ,2
ANTIOQUIA,ALEJANDRÍA,2
SANTANDER,OCAMONTE,2
NORTE DE SANTANDER,LOURDES,2
BOLÍVAR,ALTOS DEL ROSARIO,2
CUNDINAMARCA,ÚTICA,2
BOYACÁ,RONDÓN,2
CHOCÓ,NÓVITA,2
VALLE,ULLOA,2
SANTANDER,LA PAZ,2
BOLÍVAR,SAN JACINTO DEL CAUCA,2
BOLÍVAR,REGIDOR,2
BOYACÁ,SAN EDUARDO,2
CUNDINAMARCA,LA PEÑA,2
GUAVIARE,MIRAFLORES,2
NORTE DE SANTANDER,DURANIA,2
BOYACÁ,MIRAFLORES,2
NARIÑO,CUMBITARA,2
META,SAN JUANITO,2
SANTANDER,GALÁN,2
MAGDALENA,SANTA BÁRBARA DE PINTO,2
BOYACÁ,TOGÜÍ,2
SANTANDER,JORDÁN,2
NORTE DE SANTANDER,RAGONVALIA,2
BOYACÁ,PAZ DE RÍO,2
CUNDINAMARCA,UBAQUE,2
CUNDINAMARCA,SUPATÁ,2
CUNDINAMARCA,VERGARA,2
SANTANDER,GUAVATÁ,2
SANTANDER,CABRERA,2
CUNDINAMARCA,QUEBRADANEGRA,2
BOYACÁ,BRICEÑO,2
BOYACÁ,PANQUEBA,2
BOYACÁ,COPER,2
CUNDINAMARCA,PULÍ,2
ANTIOQUIA,GRANADA,2
NARIÑO,LA LLANADA,2
SANTANDER,SANTA BÁRBARA,2
SANTANDER,SAN BENITO,2
CAUCA,GUAPI,2
BOYACÁ,SATIVASUR,2
CHOCÓ,LLORÓ,2
CASANARE,RECETOR,2
TOLIMA,VILLARRICA,2
ANTIOQUIA,VIGÍA DEL FUERTE,2
CHOCÓ,MEDIO SAN JUAN,2
CUNDINAMARCA,VILLAGÓMEZ,2
CHOCÓ,UNGUÍA,2
MAGDALENA,CHIVOLO,2
ANTIOQUIA,CARACOLÍ,2
BOLÍVAR,MARGARITA,1
CUNDINAMARCA,CABRERA,1
SANTANDER,SAN JOAQUÍN,1
NARIÑO,EL PEÑOL,1
ANTIOQUIA,MONTEBELLO,1
MAGDALENA,EL PIÑON,1
NARIÑO,ANCUYÁ,1
SANTANDER,SAN MIGUEL,1
CAUCA,PIAMONTE,1
BOYACÁ,CHISCAS,1
CHOCÓ,BAGADÓ,1
BOYACÁ,GUACAMAYAS,1
BOYACÁ,CAMPOHERMOSO,1
BOYACÁ,BETÉITIVA,1
CUNDINAMARCA,PANDI,1
BOYACÁ,LA CAPILLA,1
BOYACÁ,LA VICTORIA,1
SUCRE,SUCRE,1
SANTANDER,ENCINO,1
BOYACÁ,COVARACHÍA,1
BOYACÁ,BERBEO,1
CALDAS,MARULANDA,1
BOYACÁ,NUEVO COLÓN,1
BOYACÁ,CHIVOR,1
SANTANDER,CALIFORNIA,1
SANTANDER,LA BELLEZA,1
ANTIOQUIA,HELICONIA,1
NORTE DE SANTANDER,SANTIAGO,1
NARIÑO,SAN BERNARDO,1
BOYACÁ,PACHAVITA,1
ANTIOQUIA,ABRIAQUÍ,1
BOYACÁ,EL COCUY,1
TOLIMA,RONCESVALLES,1
MAGDALENA,PEDRAZA,1
META,MAPIRIPÁN,1
NARIÑO,OLAYA HERRERA,1
CHOCÓ,EL CANTÓN DEL SAN PABLO,1
CUNDINAMARCA,GAMA,1
CAQUETÁ,MILÁN,1
CHOCÓ,BOJAYÁ,1
CHOCÓ,BAJO BAUDÓ,1
CAUCA,LÓPEZ,1
CHOCÓ,CARMEN DEL DARIEN,1
CAUCA,TIMBIQUÍ,1
ANTIOQUIA,CONCEPCIÓN,1
BOLÍVAR,EL PEÑÓN,1
CHOCÓ,ALTO BAUDÓ,1
NARIÑO,ROBERTO PAYÁN,1
CHOCÓ,MEDIO BAUDÓ,1
CASANARE,CHAMEZA,1